page_slug,primary_kw,secondary_kw,search_intent,h2_list,h3_map,cv_type
xauusd-winrate,XAUUSD 勝率,XAUUSD 手法 時間帯,欲望,結論|勝率の現実|勝ちやすい時間帯|負けパターン|改善チェック|取引環境|よくある質問,勝率の現実:勝率は何で決まる/勝率と期待値の違い|勝ちやすい時間帯:東京/ロンドン/NY/指標前後|負けパターン:スプレッド/損切り遅れ/ロット過多|改善チェック:資金管理/ルール/検証|取引環境:スプレッド/約定/口座タイプ,broker
xauusd-danger,XAUUSD 危険,XAUUSD ロスカット ボラ,不安,結論|危険と言われる理由|危険な時間帯|致命傷の原因|回避策|安全な設定|よくある質問,危険と言われる理由:値動き/指標/スプレッド拡大|危険な時間帯:指標/週明け/薄商い|致命傷の原因:ナンピン/損切りなし/過剰レバ|回避策:ロット/損切り/指標回避|安全な設定:最大損失/建玉数/証拠金,line
xauusd-scalping,XAUUSD スキャル,XAUUSD スキャル 手法,欲望,結論|最強の時間帯|スキャル手法3選|エントリー条件|損切り利確|検証方法|取引環境,最強の時間帯:ロンドン序盤/NY序盤|スキャル手法3選:ブレイク/押し目戻り/レンジ逆張り|エントリー条件:方向/根拠/禁止条件|損切り利確:RR/撤退基準|検証方法:過去検証/記録,broker
usdjpy-winrate,USDJPY 勝率,USDJPY 手法,欲望,結論|勝率の現実|相場別の勝ち方|負けパターン|改善手順|取引環境|よくある質問,相場別の勝ち方:トレンド/レンジ/指標|負けパターン:逆張り癖/指標突入/損切り遅れ|改善手順:ルール化/検証/記録,discord
usdjpy-risk,USDJPY 危険,USDJPY 指標 重要,不安,結論|危険な局面|初心者がやりがちな失敗|回避策|安全な設定|チェックリスト,危険な局面:指標/要人発言/窓|失敗:ロット過多/根拠薄/損切り遅れ|回避策:ノートレ条件/損失上限,line
kaigaifx-recommend,海外FX おすすめ,海外FX ゴールド 比較,比較,結論|比較の基準|口座タイプ|ボーナス注意|安全性チェック|始め方|よくある質問,比較の基準:スプレッド/約定/出金/サポート|口座タイプ:スタンダード/ECN|安全性チェック:運営歴/評判/出金手順,broker
kaigaifx-scam,海外FX 詐欺,海外FX 出金拒否,恐怖,結論|よくある手口|危険サイン|被害を避ける手順|出金トラブル時|安全な選び方|相談先,よくある手口:SNS勧誘/偽アプリ/保証型|危険サイン:高勝率保証/入金煽り/連絡遮断|出金トラブル時:証拠保全/時系列整理,line
fx-winrate-truth,FX 勝率 嘘,FX 勝率 平均,不信,結論|勝率が誤解される理由|数字の落とし穴|勝てる人の共通点|再現手順|チェックリスト,数字の落とし穴:勝率偏重/損小利小|勝てる人の共通点:期待値/損失管理/検証,discord
gold-trade-howto,ゴールド 勝ち方,XAUUSD 勝てる,欲望,結論|勝ちやすい条件|時間帯と指標|戦略テンプレ|失敗例|環境構築|よくある質問,勝ちやすい条件:トレンド/ブレイク|時間帯と指標:CPI/FOMC|戦略テンプレ:順張り/レンジ,broker
fx-not-winning,FX 勝てない 理由,FX 負け続ける,不安,結論|勝てない原因トップ5|改善ロードマップ|メンタル対策|検証のやり方|環境整備,原因トップ5:ロット/損切り/根拠/検証不足/頻度|改善ロードマップ:1週間/30日/90日,discord